{
  "timestamp": "2026-03-17T22:00:00.000Z",
  "pollutants_readings": {
    "no2": 0.004,
    "so2": 0.001,
    "pm25": 5.6,
    "o3": 0.04,
    "co": null,
    "h2s": 0.001
  },
  "aqis_ranked": [
    [
      "o3",
      2.9802
    ],
    [
      "h2s",
      1.2381
    ],
    [
      "no2",
      1.19802
    ],
    [
      "so2",
      1.024876
    ],
    [
      "pm25",
      1
    ],
    [
      "co",
      null
    ]
  ]
}