{
  "timestamp": "2026-03-18T16:00:00.000Z",
  "pollutants_readings": {
    "no2": 0.004,
    "so2": 0,
    "pm25": 5.4,
    "o3": 0.016,
    "co": null,
    "h2s": 0.003
  },
  "aqis_ranked": [
    [
      "o3",
      1.79208
    ],
    [
      "h2s",
      1.7143000000000002
    ],
    [
      "no2",
      1.19802
    ],
    [
      "so2",
      1
    ],
    [
      "pm25",
      1
    ],
    [
      "co",
      null
    ]
  ]
}