{
  "timestamp": "2026-03-18T03:00:00.000Z",
  "pollutants_readings": {
    "no2": 0.022,
    "so2": 0.001,
    "pm25": 15.4,
    "o3": 0.019,
    "co": null,
    "h2s": null
  },
  "aqis_ranked": [
    [
      "no2",
      2.08911
    ],
    [
      "pm25",
      2
    ],
    [
      "o3",
      1.940595
    ],
    [
      "so2",
      1.024876
    ],
    [
      "co",
      null
    ],
    [
      "h2s",
      null
    ]
  ]
}