{
  "timestamp": "2026-03-18T05:00:00.000Z",
  "pollutants_readings": {
    "no2": 0.005,
    "so2": 0,
    "pm25": 5,
    "o3": 0.03,
    "co": 0.07,
    "h2s": null
  },
  "aqis_ranked": [
    [
      "o3",
      2.48515
    ],
    [
      "no2",
      1.247525
    ],
    [
      "co",
      1.0129633
    ],
    [
      "so2",
      1
    ],
    [
      "pm25",
      1
    ],
    [
      "h2s",
      null
    ]
  ]
}