{
  "timestamp": "2026-03-18T20:00:00.000Z",
  "pollutants_readings": {
    "no2": 0.007,
    "so2": 0,
    "pm25": 4.7,
    "o3": 0.032,
    "co": 0.1,
    "h2s": 0.001
  },
  "aqis_ranked": [
    [
      "o3",
      2.58416
    ],
    [
      "no2",
      1.346535
    ],
    [
      "h2s",
      1.2381
    ],
    [
      "co",
      1.018519
    ],
    [
      "so2",
      1
    ],
    [
      "pm25",
      1
    ]
  ]
}