{
  "timestamp": "2026-03-18T18:00:00.000Z",
  "pollutants_readings": {
    "no2": 0.005,
    "so2": 0,
    "pm25": 15.8,
    "o3": 0.031,
    "co": null,
    "h2s": null
  },
  "aqis_ranked": [
    [
      "o3",
      2.534655
    ],
    [
      "pm25",
      2
    ],
    [
      "no2",
      1.247525
    ],
    [
      "so2",
      1
    ],
    [
      "co",
      null
    ],
    [
      "h2s",
      null
    ]
  ]
}