{
  "timestamp": "2026-03-18T01:00:00.000Z",
  "pollutants_readings": {
    "no2": 0.007,
    "so2": 0,
    "pm25": 2.8,
    "o3": 0.034,
    "co": 0.11,
    "h2s": 0
  },
  "aqis_ranked": [
    [
      "o3",
      2.6831700000000005
    ],
    [
      "no2",
      1.346535
    ],
    [
      "co",
      1.0203709
    ],
    [
      "so2",
      1
    ],
    [
      "pm25",
      1
    ],
    [
      "h2s",
      1
    ]
  ]
}