{
  "timestamp": "2026-03-17T20:00:00.000Z",
  "pollutants_readings": {
    "no2": 0.003,
    "so2": 0.001,
    "pm25": 2,
    "o3": 0.035,
    "co": null,
    "h2s": 0.001
  },
  "aqis_ranked": [
    [
      "o3",
      2.7326750000000004
    ],
    [
      "h2s",
      1.2381
    ],
    [
      "no2",
      1.148515
    ],
    [
      "so2",
      1.024876
    ],
    [
      "pm25",
      1
    ],
    [
      "co",
      null
    ]
  ]
}