{
  "timestamp": "2026-03-18T15:00:00.000Z",
  "pollutants_readings": {
    "no2": 0.019,
    "so2": 0.001,
    "pm25": null,
    "o3": null,
    "co": null,
    "h2s": 0.001
  },
  "aqis_ranked": [
    [
      "no2",
      1.940595
    ],
    [
      "h2s",
      1.2381
    ],
    [
      "so2",
      1.024876
    ],
    [
      "co",
      null
    ],
    [
      "o3",
      null
    ],
    [
      "pm25",
      null
    ]
  ]
}