{
  "timestamp": "2026-03-18T14:00:00.000Z",
  "pollutants_readings": {
    "no2": 0.004,
    "so2": 0,
    "pm25": 1.3,
    "o3": 0.031,
    "co": 0.288,
    "h2s": null
  },
  "aqis_ranked": [
    [
      "o3",
      2.534655
    ],
    [
      "no2",
      1.19802
    ],
    [
      "co",
      1.05333472
    ],
    [
      "so2",
      1
    ],
    [
      "pm25",
      1
    ],
    [
      "h2s",
      null
    ]
  ]
}