{
  "timestamp": "2026-03-17T23:00:00.000Z",
  "pollutants_readings": {
    "no2": 0.004,
    "so2": 0,
    "pm25": 3.4,
    "o3": 0.028,
    "co": null,
    "h2s": 0.002
  },
  "aqis_ranked": [
    [
      "o3",
      2.38614
    ],
    [
      "h2s",
      1.4762
    ],
    [
      "no2",
      1.19802
    ],
    [
      "so2",
      1
    ],
    [
      "pm25",
      1
    ],
    [
      "co",
      null
    ]
  ]
}