{
  "timestamp": "2026-03-18T17:00:00.000Z",
  "pollutants_readings": {
    "no2": 0.003,
    "so2": null,
    "pm25": 2.1,
    "o3": 0.026,
    "co": null,
    "h2s": null
  },
  "aqis_ranked": [
    [
      "o3",
      2.2871300000000003
    ],
    [
      "no2",
      1.148515
    ],
    [
      "pm25",
      1
    ],
    [
      "so2",
      null
    ],
    [
      "co",
      null
    ],
    [
      "h2s",
      null
    ]
  ]
}