{
  "timestamp": "2026-03-18T04:00:00.000Z",
  "pollutants_readings": {
    "no2": 0.028,
    "so2": null,
    "pm25": 6.9,
    "o3": 0.011,
    "co": 0.32,
    "h2s": null
  },
  "aqis_ranked": [
    [
      "no2",
      2.38614
    ],
    [
      "o3",
      1.544555
    ],
    [
      "co",
      1.0592608000000001
    ],
    [
      "pm25",
      1
    ],
    [
      "so2",
      null
    ],
    [
      "h2s",
      null
    ]
  ]
}