{
  "timestamp": "2026-03-18T00:00:00.000Z",
  "pollutants_readings": {
    "no2": 0.016,
    "so2": null,
    "pm25": 4.4,
    "o3": 0.027,
    "co": 0.4,
    "h2s": null
  },
  "aqis_ranked": [
    [
      "o3",
      2.3366350000000002
    ],
    [
      "no2",
      1.79208
    ],
    [
      "co",
      1.074076
    ],
    [
      "pm25",
      1
    ],
    [
      "so2",
      null
    ],
    [
      "h2s",
      null
    ]
  ]
}