{
  "timestamp": "2026-03-17T23:00:00.000Z",
  "pollutants_readings": {
    "no2": 0.0001,
    "so2": null,
    "pm25": 0.6,
    "o3": 0.0453,
    "co": null,
    "h2s": null
  },
  "aqis_ranked": [
    [
      "o3",
      3.2425765
    ],
    [
      "no2",
      1.0049505
    ],
    [
      "pm25",
      1
    ],
    [
      "so2",
      null
    ],
    [
      "co",
      null
    ],
    [
      "h2s",
      null
    ]
  ]
}