{
  "timestamp": "2026-03-18T15:00:00.000Z",
  "pollutants_readings": {
    "no2": 0.013,
    "so2": 0,
    "pm25": 10.6,
    "o3": 0.018,
    "co": null,
    "h2s": null
  },
  "aqis_ranked": [
    [
      "pm25",
      2
    ],
    [
      "o3",
      1.89109
    ],
    [
      "no2",
      1.6435650000000002
    ],
    [
      "so2",
      1
    ],
    [
      "co",
      null
    ],
    [
      "h2s",
      null
    ]
  ]
}