{
  "timestamp": "2026-03-18T18:00:00.000Z",
  "pollutants_readings": {
    "no2": 0.0012,
    "so2": 0,
    "pm25": 1,
    "o3": 0.0363,
    "co": 0.3,
    "h2s": 0.0003
  },
  "aqis_ranked": [
    [
      "o3",
      2.7970315
    ],
    [
      "h2s",
      1.0714299999999999
    ],
    [
      "no2",
      1.059406
    ],
    [
      "co",
      1.055557
    ],
    [
      "so2",
      1
    ],
    [
      "pm25",
      1
    ]
  ]
}