{
  "timestamp": "2026-03-18T02:00:00.000Z",
  "pollutants_readings": {
    "no2": 0.001,
    "so2": 0,
    "pm25": 2.6,
    "o3": 0.039,
    "co": 0.28,
    "h2s": null
  },
  "aqis_ranked": [
    [
      "o3",
      2.930695
    ],
    [
      "co",
      1.0518532
    ],
    [
      "no2",
      1.049505
    ],
    [
      "so2",
      1
    ],
    [
      "pm25",
      1
    ],
    [
      "h2s",
      null
    ]
  ]
}