{
  "timestamp": "2026-03-18T01:00:00.000Z",
  "pollutants_readings": {
    "no2": 0.002,
    "so2": 0,
    "pm25": 5,
    "o3": 0.033,
    "co": 0.06,
    "h2s": null
  },
  "aqis_ranked": [
    [
      "o3",
      2.633665
    ],
    [
      "no2",
      1.09901
    ],
    [
      "co",
      1.0111114
    ],
    [
      "so2",
      1
    ],
    [
      "pm25",
      1
    ],
    [
      "h2s",
      null
    ]
  ]
}