{
  "timestamp": "2026-03-18T19:00:00.000Z",
  "pollutants_readings": {
    "no2": 0.001,
    "so2": 0.001,
    "pm25": 1.4,
    "o3": 0.035,
    "co": 0.11,
    "h2s": 0
  },
  "aqis_ranked": [
    [
      "o3",
      2.7326750000000004
    ],
    [
      "no2",
      1.049505
    ],
    [
      "so2",
      1.024876
    ],
    [
      "co",
      1.0203709
    ],
    [
      "pm25",
      1
    ],
    [
      "h2s",
      1
    ]
  ]
}