{
  "timestamp": "2026-03-18T02:00:00.000Z",
  "pollutants_readings": {
    "no2": 0.024,
    "so2": null,
    "pm25": 6.3,
    "o3": 0.019,
    "co": 0.4,
    "h2s": null
  },
  "aqis_ranked": [
    [
      "no2",
      2.18812
    ],
    [
      "o3",
      1.940595
    ],
    [
      "co",
      1.074076
    ],
    [
      "pm25",
      1
    ],
    [
      "so2",
      null
    ],
    [
      "h2s",
      null
    ]
  ]
}