{
  "timestamp": "2026-03-17T22:00:00.000Z",
  "pollutants_readings": {
    "no2": 0.007,
    "so2": 0.004,
    "pm25": 1.869,
    "o3": 0.04,
    "co": null,
    "h2s": null
  },
  "aqis_ranked": [
    [
      "o3",
      2.9802
    ],
    [
      "no2",
      1.346535
    ],
    [
      "so2",
      1.099504
    ],
    [
      "pm25",
      1
    ],
    [
      "co",
      null
    ],
    [
      "h2s",
      null
    ]
  ]
}