{
  "timestamp": "2026-03-17T23:00:00.000Z",
  "pollutants_readings": {
    "no2": 0.015,
    "so2": null,
    "pm25": 2.8,
    "o3": 0.033,
    "co": 0.3,
    "h2s": null
  },
  "aqis_ranked": [
    [
      "o3",
      2.633665
    ],
    [
      "no2",
      1.742575
    ],
    [
      "co",
      1.055557
    ],
    [
      "pm25",
      1
    ],
    [
      "so2",
      null
    ],
    [
      "h2s",
      null
    ]
  ]
}