{
  "timestamp": "2026-03-17T20:00:00.000Z",
  "pollutants_readings": {
    "no2": 0.0014,
    "so2": 0,
    "pm25": 1.6,
    "o3": 0.0406,
    "co": 0.2,
    "h2s": 0.0003
  },
  "aqis_ranked": [
    [
      "o3",
      3.009903
    ],
    [
      "h2s",
      1.0714299999999999
    ],
    [
      "no2",
      1.069307
    ],
    [
      "co",
      1.037038
    ],
    [
      "so2",
      1
    ],
    [
      "pm25",
      1
    ]
  ]
}