{
  "timestamp": "2026-03-18T18:00:00.000Z",
  "pollutants_readings": {
    "no2": 0.014,
    "so2": 0,
    "pm25": 9.4,
    "o3": 0.016,
    "co": 0.16,
    "h2s": null
  },
  "aqis_ranked": [
    [
      "o3",
      1.79208
    ],
    [
      "no2",
      1.69307
    ],
    [
      "co",
      1.0296304
    ],
    [
      "so2",
      1
    ],
    [
      "pm25",
      1
    ],
    [
      "h2s",
      null
    ]
  ]
}