{
  "timestamp": "2026-03-17T22:00:00.000Z",
  "pollutants_readings": {
    "no2": null,
    "so2": 0.001,
    "pm25": 2.5,
    "o3": 0.04,
    "co": 0.12,
    "h2s": 0
  },
  "aqis_ranked": [
    [
      "o3",
      2.9802
    ],
    [
      "so2",
      1.024876
    ],
    [
      "co",
      1.0222228
    ],
    [
      "pm25",
      1
    ],
    [
      "h2s",
      1
    ],
    [
      "no2",
      null
    ]
  ]
}