{
  "timestamp": "2026-03-17T22:00:00.000Z",
  "pollutants_readings": {
    "no2": 0.002,
    "so2": 0,
    "pm25": 2.5,
    "o3": 0.039,
    "co": 0.283,
    "h2s": null
  },
  "aqis_ranked": [
    [
      "o3",
      2.930695
    ],
    [
      "no2",
      1.09901
    ],
    [
      "co",
      1.05240877
    ],
    [
      "so2",
      1
    ],
    [
      "pm25",
      1
    ],
    [
      "h2s",
      null
    ]
  ]
}