{
  "timestamp": "2026-03-18T00:00:00.000Z",
  "pollutants_readings": {
    "no2": 0.015,
    "so2": 0.001,
    "pm25": 3.6,
    "o3": 0.027,
    "co": 0.1,
    "h2s": 0.001
  },
  "aqis_ranked": [
    [
      "o3",
      2.3366350000000002
    ],
    [
      "no2",
      1.742575
    ],
    [
      "h2s",
      1.2381
    ],
    [
      "so2",
      1.024876
    ],
    [
      "co",
      1.018519
    ],
    [
      "pm25",
      1
    ]
  ]
}