{
  "timestamp": "2026-03-18T15:00:00.000Z",
  "pollutants_readings": {
    "no2": 0.018,
    "so2": 0,
    "pm25": 3.8,
    "o3": 0.014,
    "co": 0.18,
    "h2s": 0
  },
  "aqis_ranked": [
    [
      "no2",
      1.89109
    ],
    [
      "o3",
      1.69307
    ],
    [
      "co",
      1.0333342
    ],
    [
      "so2",
      1
    ],
    [
      "pm25",
      1
    ],
    [
      "h2s",
      1
    ]
  ]
}