{
  "timestamp": "2026-03-18T18:00:00.000Z",
  "pollutants_readings": {
    "no2": 0.015,
    "so2": null,
    "pm25": 5.5,
    "o3": 0.027,
    "co": 0.26,
    "h2s": null
  },
  "aqis_ranked": [
    [
      "o3",
      2.3366350000000002
    ],
    [
      "no2",
      1.742575
    ],
    [
      "co",
      1.0481494
    ],
    [
      "pm25",
      1
    ],
    [
      "so2",
      null
    ],
    [
      "h2s",
      null
    ]
  ]
}