{
  "timestamp": "2026-03-17T20:00:00.000Z",
  "pollutants_readings": {
    "no2": 0.01,
    "so2": 0.001,
    "pm25": 6.1,
    "o3": 0.029,
    "co": 0.2,
    "h2s": null
  },
  "aqis_ranked": [
    [
      "o3",
      2.435645
    ],
    [
      "no2",
      1.49505
    ],
    [
      "co",
      1.037038
    ],
    [
      "so2",
      1.024876
    ],
    [
      "pm25",
      1
    ],
    [
      "h2s",
      null
    ]
  ]
}