{
  "timestamp": "2026-03-17T20:00:00.000Z",
  "pollutants_readings": {
    "no2": 0.011,
    "so2": 0.002,
    "pm25": 1.5,
    "o3": 0.03,
    "co": null,
    "h2s": 0
  },
  "aqis_ranked": [
    [
      "o3",
      2.48515
    ],
    [
      "no2",
      1.544555
    ],
    [
      "so2",
      1.049752
    ],
    [
      "pm25",
      1
    ],
    [
      "h2s",
      1
    ],
    [
      "co",
      null
    ]
  ]
}