{
  "timestamp": "2026-03-17T22:00:00.000Z",
  "pollutants_readings": {
    "no2": 0.0017,
    "so2": 0,
    "pm25": 1.7,
    "o3": 0.0402,
    "co": 0.2,
    "h2s": 0.0003
  },
  "aqis_ranked": [
    [
      "o3",
      2.990101
    ],
    [
      "no2",
      1.0841585
    ],
    [
      "h2s",
      1.0714299999999999
    ],
    [
      "co",
      1.037038
    ],
    [
      "so2",
      1
    ],
    [
      "pm25",
      1
    ]
  ]
}