{
  "timestamp": "2026-03-17T23:00:00.000Z",
  "pollutants_readings": {
    "no2": 0.006,
    "so2": 0.002,
    "pm25": null,
    "o3": null,
    "co": null,
    "h2s": 0.001
  },
  "aqis_ranked": [
    [
      "no2",
      1.29703
    ],
    [
      "h2s",
      1.2381
    ],
    [
      "so2",
      1.049752
    ],
    [
      "co",
      null
    ],
    [
      "o3",
      null
    ],
    [
      "pm25",
      null
    ]
  ]
}