{
  "timestamp": "2026-03-17T22:00:00.000Z",
  "pollutants_readings": {
    "no2": 0.004,
    "so2": 0.0002,
    "pm25": 1.1,
    "o3": 0.0408,
    "co": null,
    "h2s": 0
  },
  "aqis_ranked": [
    [
      "o3",
      3.019804
    ],
    [
      "no2",
      1.19802
    ],
    [
      "so2",
      1.0049752
    ],
    [
      "pm25",
      1
    ],
    [
      "h2s",
      1
    ],
    [
      "co",
      null
    ]
  ]
}