{
  "timestamp": "2026-03-18T19:00:00.000Z",
  "pollutants_readings": {
    "no2": 0.011,
    "so2": null,
    "pm25": 5,
    "o3": 0.03,
    "co": 0.24,
    "h2s": null
  },
  "aqis_ranked": [
    [
      "o3",
      2.48515
    ],
    [
      "no2",
      1.544555
    ],
    [
      "co",
      1.0444456
    ],
    [
      "pm25",
      1
    ],
    [
      "so2",
      null
    ],
    [
      "h2s",
      null
    ]
  ]
}