{
  "timestamp": "2026-03-18T15:00:00.000Z",
  "pollutants_readings": {
    "no2": 0.022,
    "so2": 0,
    "pm25": 6.5,
    "o3": 0.011,
    "co": 0.2,
    "h2s": 0.001
  },
  "aqis_ranked": [
    [
      "no2",
      2.08911
    ],
    [
      "o3",
      1.544555
    ],
    [
      "h2s",
      1.2381
    ],
    [
      "co",
      1.037038
    ],
    [
      "so2",
      1
    ],
    [
      "pm25",
      1
    ]
  ]
}