{
  "timestamp": "2026-03-17T20:00:00.000Z",
  "pollutants_readings": {
    "no2": 0.007,
    "so2": null,
    "pm25": 3.5,
    "o3": 0.037,
    "co": 0.3,
    "h2s": null
  },
  "aqis_ranked": [
    [
      "o3",
      2.8316850000000002
    ],
    [
      "no2",
      1.346535
    ],
    [
      "co",
      1.055557
    ],
    [
      "pm25",
      1
    ],
    [
      "so2",
      null
    ],
    [
      "h2s",
      null
    ]
  ]
}