{
  "timestamp": "2026-03-18T18:00:00.000Z",
  "pollutants_readings": {
    "no2": 0.003,
    "so2": 0,
    "pm25": 4.1,
    "o3": 0.033,
    "co": 0.09,
    "h2s": 0
  },
  "aqis_ranked": [
    [
      "o3",
      2.633665
    ],
    [
      "no2",
      1.148515
    ],
    [
      "co",
      1.0166671
    ],
    [
      "so2",
      1
    ],
    [
      "pm25",
      1
    ],
    [
      "h2s",
      1
    ]
  ]
}