{
  "timestamp": "2026-03-18T20:00:00.000Z",
  "pollutants_readings": {
    "no2": 0.01,
    "so2": null,
    "pm25": 4.6,
    "o3": 0.03,
    "co": 0.23,
    "h2s": null
  },
  "aqis_ranked": [
    [
      "o3",
      2.48515
    ],
    [
      "no2",
      1.49505
    ],
    [
      "co",
      1.0425937
    ],
    [
      "pm25",
      1
    ],
    [
      "so2",
      null
    ],
    [
      "h2s",
      null
    ]
  ]
}