{
  "timestamp": "2026-03-18T00:00:00.000Z",
  "pollutants_readings": {
    "no2": 0,
    "so2": 0,
    "pm25": 0.2,
    "o3": 0.041,
    "co": 0.3,
    "h2s": null
  },
  "aqis_ranked": [
    [
      "o3",
      3.0297050000000003
    ],
    [
      "co",
      1.055557
    ],
    [
      "no2",
      1
    ],
    [
      "so2",
      1
    ],
    [
      "pm25",
      1
    ],
    [
      "h2s",
      null
    ]
  ]
}