{
  "timestamp": "2026-03-18T19:00:00.000Z",
  "pollutants_readings": {
    "no2": 0.011,
    "so2": 0,
    "pm25": 4.9,
    "o3": 0.027,
    "co": null,
    "h2s": 0.001
  },
  "aqis_ranked": [
    [
      "o3",
      2.3366350000000002
    ],
    [
      "no2",
      1.544555
    ],
    [
      "h2s",
      1.2381
    ],
    [
      "so2",
      1
    ],
    [
      "pm25",
      1
    ],
    [
      "co",
      null
    ]
  ]
}