{
  "timestamp": "2026-03-18T01:00:00.000Z",
  "pollutants_readings": {
    "no2": 0.034,
    "so2": 0.003,
    "pm25": null,
    "o3": null,
    "co": null,
    "h2s": 0.001
  },
  "aqis_ranked": [
    [
      "no2",
      2.6831700000000005
    ],
    [
      "h2s",
      1.2381
    ],
    [
      "so2",
      1.074628
    ],
    [
      "co",
      null
    ],
    [
      "o3",
      null
    ],
    [
      "pm25",
      null
    ]
  ]
}