{
  "timestamp": "2026-03-18T16:00:00.000Z",
  "pollutants_readings": {
    "no2": 0.012,
    "so2": 0,
    "pm25": 4.5,
    "o3": 0.028,
    "co": 0.3,
    "h2s": null
  },
  "aqis_ranked": [
    [
      "o3",
      2.38614
    ],
    [
      "no2",
      1.59406
    ],
    [
      "co",
      1.055557
    ],
    [
      "so2",
      1
    ],
    [
      "pm25",
      1
    ],
    [
      "h2s",
      null
    ]
  ]
}