{
  "timestamp": "2026-03-18T16:00:00.000Z",
  "pollutants_readings": {
    "no2": 0.01,
    "so2": 0.001,
    "pm25": 3.2,
    "o3": 0.02,
    "co": 0.16,
    "h2s": 0.001
  },
  "aqis_ranked": [
    [
      "o3",
      1.9901
    ],
    [
      "no2",
      1.49505
    ],
    [
      "h2s",
      1.2381
    ],
    [
      "co",
      1.0296304
    ],
    [
      "so2",
      1.024876
    ],
    [
      "pm25",
      1
    ]
  ]
}