{
  "timestamp": "2026-03-17T20:00:00.000Z",
  "pollutants_readings": {
    "no2": 0.003,
    "so2": 0,
    "pm25": 2.7,
    "o3": 0.033,
    "co": null,
    "h2s": null
  },
  "aqis_ranked": [
    [
      "o3",
      2.633665
    ],
    [
      "no2",
      1.148515
    ],
    [
      "so2",
      1
    ],
    [
      "pm25",
      1
    ],
    [
      "co",
      null
    ],
    [
      "h2s",
      null
    ]
  ]
}