{
  "timestamp": "2026-03-18T03:00:00.000Z",
  "pollutants_readings": {
    "no2": 0.007,
    "so2": 0.002,
    "pm25": 4.7,
    "o3": 0.029,
    "co": null,
    "h2s": null
  },
  "aqis_ranked": [
    [
      "o3",
      2.435645
    ],
    [
      "no2",
      1.346535
    ],
    [
      "so2",
      1.049752
    ],
    [
      "pm25",
      1
    ],
    [
      "co",
      null
    ],
    [
      "h2s",
      null
    ]
  ]
}