{
  "timestamp": "2026-03-17T23:00:00.000Z",
  "pollutants_readings": {
    "no2": null,
    "so2": 0.001,
    "pm25": 3.7,
    "o3": 0.033,
    "co": 0.17,
    "h2s": 0
  },
  "aqis_ranked": [
    [
      "o3",
      2.633665
    ],
    [
      "co",
      1.0314823
    ],
    [
      "so2",
      1.024876
    ],
    [
      "pm25",
      1
    ],
    [
      "h2s",
      1
    ],
    [
      "no2",
      null
    ]
  ]
}