{
  "timestamp": "2026-03-18T18:00:00.000Z",
  "pollutants_readings": {
    "no2": 0.012,
    "so2": 0.021,
    "pm25": 5.8,
    "o3": 0.029,
    "co": null,
    "h2s": 0.001
  },
  "aqis_ranked": [
    [
      "o3",
      2.435645
    ],
    [
      "no2",
      1.59406
    ],
    [
      "so2",
      1.522396
    ],
    [
      "h2s",
      1.2381
    ],
    [
      "pm25",
      1
    ],
    [
      "co",
      null
    ]
  ]
}