{
  "timestamp": "2026-03-18T05:00:00.000Z",
  "pollutants_readings": {
    "no2": null,
    "so2": 0.002,
    "pm25": 2.2,
    "o3": 0.027,
    "co": 0.12,
    "h2s": 0
  },
  "aqis_ranked": [
    [
      "o3",
      2.3366350000000002
    ],
    [
      "so2",
      1.049752
    ],
    [
      "co",
      1.0222228
    ],
    [
      "pm25",
      1
    ],
    [
      "h2s",
      1
    ],
    [
      "no2",
      null
    ]
  ]
}