{
  "timestamp": "2026-03-18T20:00:00.000Z",
  "pollutants_readings": {
    "no2": 0.001,
    "so2": 0,
    "pm25": 1.8,
    "o3": 0.0374,
    "co": 0.3,
    "h2s": 0.0002
  },
  "aqis_ranked": [
    [
      "o3",
      2.8514870000000005
    ],
    [
      "co",
      1.055557
    ],
    [
      "no2",
      1.049505
    ],
    [
      "h2s",
      1.04762
    ],
    [
      "so2",
      1
    ],
    [
      "pm25",
      1
    ]
  ]
}