{
  "timestamp": "2026-03-17T20:00:00.000Z",
  "pollutants_readings": {
    "no2": 0.005,
    "so2": 0.001,
    "pm25": 2.5,
    "o3": 0.034,
    "co": 0.14,
    "h2s": 0
  },
  "aqis_ranked": [
    [
      "o3",
      2.6831700000000005
    ],
    [
      "no2",
      1.247525
    ],
    [
      "co",
      1.0259266
    ],
    [
      "so2",
      1.024876
    ],
    [
      "pm25",
      1
    ],
    [
      "h2s",
      1
    ]
  ]
}