{
  "timestamp": "2026-03-18T01:00:00.000Z",
  "pollutants_readings": {
    "no2": 0.0011,
    "so2": 0,
    "pm25": 0.8,
    "o3": 0.0403,
    "co": 0.2,
    "h2s": 0.0002
  },
  "aqis_ranked": [
    [
      "o3",
      2.9950515
    ],
    [
      "no2",
      1.0544555
    ],
    [
      "h2s",
      1.04762
    ],
    [
      "co",
      1.037038
    ],
    [
      "so2",
      1
    ],
    [
      "pm25",
      1
    ]
  ]
}