{
  "timestamp": "2026-03-18T02:00:00.000Z",
  "pollutants_readings": {
    "no2": 0.0126,
    "so2": 0,
    "pm25": 3.3,
    "o3": 0.0309,
    "co": null,
    "h2s": 0
  },
  "aqis_ranked": [
    [
      "o3",
      2.5297045000000002
    ],
    [
      "no2",
      1.623763
    ],
    [
      "so2",
      1
    ],
    [
      "pm25",
      1
    ],
    [
      "h2s",
      1
    ],
    [
      "co",
      null
    ]
  ]
}