{
  "timestamp": "2026-03-18T19:00:00.000Z",
  "pollutants_readings": {
    "no2": 0.0115,
    "so2": 0.0003,
    "pm25": 4.1,
    "o3": 0.0281,
    "co": null,
    "h2s": 0.0005
  },
  "aqis_ranked": [
    [
      "o3",
      2.3910905
    ],
    [
      "no2",
      1.5693074999999999
    ],
    [
      "h2s",
      1.11905
    ],
    [
      "so2",
      1.0074628
    ],
    [
      "pm25",
      1
    ],
    [
      "co",
      null
    ]
  ]
}