{
  "timestamp": "2026-03-17T23:00:00.000Z",
  "pollutants_readings": {
    "no2": 0.002,
    "so2": 0.001,
    "pm25": 3.5,
    "o3": 0.042,
    "co": null,
    "h2s": 0.001
  },
  "aqis_ranked": [
    [
      "o3",
      3.0792100000000002
    ],
    [
      "h2s",
      1.2381
    ],
    [
      "no2",
      1.09901
    ],
    [
      "so2",
      1.024876
    ],
    [
      "pm25",
      1
    ],
    [
      "co",
      null
    ]
  ]
}