{
  "timestamp": "2026-03-17T23:00:00.000Z",
  "pollutants_readings": {
    "no2": 0.0054,
    "so2": 0,
    "pm25": 1.6,
    "o3": 0.0387,
    "co": null,
    "h2s": 0
  },
  "aqis_ranked": [
    [
      "o3",
      2.9158435000000003
    ],
    [
      "no2",
      1.267327
    ],
    [
      "so2",
      1
    ],
    [
      "pm25",
      1
    ],
    [
      "h2s",
      1
    ],
    [
      "co",
      null
    ]
  ]
}