{
  "timestamp": "2026-03-18T03:00:00.000Z",
  "pollutants_readings": {
    "no2": 0.005,
    "so2": 0.003,
    "pm25": 1.2,
    "o3": 0.026,
    "co": null,
    "h2s": 0.001
  },
  "aqis_ranked": [
    [
      "o3",
      2.2871300000000003
    ],
    [
      "no2",
      1.247525
    ],
    [
      "h2s",
      1.2381
    ],
    [
      "so2",
      1.074628
    ],
    [
      "pm25",
      1
    ],
    [
      "co",
      null
    ]
  ]
}