{
  "timestamp": "2026-03-18T01:00:00.000Z",
  "pollutants_readings": {
    "no2": 0.001,
    "so2": 0,
    "pm25": 2.9,
    "o3": 0.04,
    "co": 0.281,
    "h2s": null
  },
  "aqis_ranked": [
    [
      "o3",
      2.9802
    ],
    [
      "co",
      1.05203839
    ],
    [
      "no2",
      1.049505
    ],
    [
      "so2",
      1
    ],
    [
      "pm25",
      1
    ],
    [
      "h2s",
      null
    ]
  ]
}