{
  "timestamp": "2026-03-18T19:00:00.000Z",
  "pollutants_readings": {
    "no2": 0.003,
    "so2": 0,
    "pm25": 4.6,
    "o3": 0.023,
    "co": null,
    "h2s": 0.003
  },
  "aqis_ranked": [
    [
      "o3",
      2.1386149999999997
    ],
    [
      "h2s",
      1.7143000000000002
    ],
    [
      "no2",
      1.148515
    ],
    [
      "so2",
      1
    ],
    [
      "pm25",
      1
    ],
    [
      "co",
      null
    ]
  ]
}