{
  "timestamp": "2026-03-18T05:00:00.000Z",
  "pollutants_readings": {
    "no2": 0.003,
    "so2": 0,
    "pm25": 1.6,
    "o3": 0.034,
    "co": 0.279,
    "h2s": null
  },
  "aqis_ranked": [
    [
      "o3",
      2.6831700000000005
    ],
    [
      "no2",
      1.148515
    ],
    [
      "co",
      1.05166801
    ],
    [
      "so2",
      1
    ],
    [
      "pm25",
      1
    ],
    [
      "h2s",
      null
    ]
  ]
}