{
  "timestamp": "2026-03-18T02:00:00.000Z",
  "pollutants_readings": {
    "no2": 0.001,
    "so2": 0.001,
    "pm25": 1.4,
    "o3": 0.034,
    "co": null,
    "h2s": 0.001
  },
  "aqis_ranked": [
    [
      "o3",
      2.6831700000000005
    ],
    [
      "h2s",
      1.2381
    ],
    [
      "no2",
      1.049505
    ],
    [
      "so2",
      1.024876
    ],
    [
      "pm25",
      1
    ],
    [
      "co",
      null
    ]
  ]
}