{
  "timestamp": "2026-03-18T03:00:00.000Z",
  "pollutants_readings": {
    "no2": 0.029,
    "so2": null,
    "pm25": 8.7,
    "o3": 0.016,
    "co": 0.5,
    "h2s": null
  },
  "aqis_ranked": [
    [
      "no2",
      2.435645
    ],
    [
      "o3",
      1.79208
    ],
    [
      "co",
      1.092595
    ],
    [
      "pm25",
      1
    ],
    [
      "so2",
      null
    ],
    [
      "h2s",
      null
    ]
  ]
}