{
  "timestamp": "2026-03-18T01:00:00.000Z",
  "pollutants_readings": {
    "no2": null,
    "so2": 0.001,
    "pm25": 1.7,
    "o3": 0.038,
    "co": 0.13,
    "h2s": 0
  },
  "aqis_ranked": [
    [
      "o3",
      2.88119
    ],
    [
      "so2",
      1.024876
    ],
    [
      "co",
      1.0240747
    ],
    [
      "pm25",
      1
    ],
    [
      "h2s",
      1
    ],
    [
      "no2",
      null
    ]
  ]
}