{
  "timestamp": "2026-03-18T04:00:00.000Z",
  "pollutants_readings": {
    "no2": 0.026,
    "so2": 0.001,
    "pm25": 5.8,
    "o3": 0.014,
    "co": 0.2,
    "h2s": 0.001
  },
  "aqis_ranked": [
    [
      "no2",
      2.2871300000000003
    ],
    [
      "o3",
      1.69307
    ],
    [
      "h2s",
      1.2381
    ],
    [
      "co",
      1.037038
    ],
    [
      "so2",
      1.024876
    ],
    [
      "pm25",
      1
    ]
  ]
}