{
  "timestamp": "2026-03-18T04:00:00.000Z",
  "pollutants_readings": {
    "no2": 0.041,
    "so2": null,
    "pm25": 10.9,
    "o3": 0.005,
    "co": 0.6,
    "h2s": null
  },
  "aqis_ranked": [
    [
      "no2",
      3.0297050000000003
    ],
    [
      "pm25",
      2
    ],
    [
      "o3",
      1.247525
    ],
    [
      "co",
      1.111114
    ],
    [
      "so2",
      null
    ],
    [
      "h2s",
      null
    ]
  ]
}