{
  "timestamp": "2026-03-18T18:00:00.000Z",
  "pollutants_readings": {
    "no2": 0.0124,
    "so2": 0.0003,
    "pm25": 3.7,
    "o3": 0.0233,
    "co": null,
    "h2s": 0.0005
  },
  "aqis_ranked": [
    [
      "o3",
      2.1534665000000004
    ],
    [
      "no2",
      1.6138620000000001
    ],
    [
      "h2s",
      1.11905
    ],
    [
      "so2",
      1.0074628
    ],
    [
      "pm25",
      1
    ],
    [
      "co",
      null
    ]
  ]
}