{
  "timestamp": "2026-03-18T18:00:00.000Z",
  "pollutants_readings": {
    "no2": 0.022,
    "so2": 0.001,
    "pm25": 3.6,
    "o3": 0.02,
    "co": null,
    "h2s": 0.001
  },
  "aqis_ranked": [
    [
      "no2",
      2.08911
    ],
    [
      "o3",
      1.9901
    ],
    [
      "h2s",
      1.2381
    ],
    [
      "so2",
      1.024876
    ],
    [
      "pm25",
      1
    ],
    [
      "co",
      null
    ]
  ]
}