{
  "timestamp": "2026-03-18T02:00:00.000Z",
  "pollutants_readings": {
    "no2": 0.0008,
    "so2": 0,
    "pm25": 0.8,
    "o3": 0.0398,
    "co": 0.2,
    "h2s": 0.0003
  },
  "aqis_ranked": [
    [
      "o3",
      2.9702990000000002
    ],
    [
      "h2s",
      1.0714299999999999
    ],
    [
      "no2",
      1.039604
    ],
    [
      "co",
      1.037038
    ],
    [
      "so2",
      1
    ],
    [
      "pm25",
      1
    ]
  ]
}