{
  "timestamp": "2026-03-18T01:00:00.000Z",
  "pollutants_readings": {
    "no2": 0.004,
    "so2": null,
    "pm25": 1.3,
    "o3": 0.027,
    "co": null,
    "h2s": null
  },
  "aqis_ranked": [
    [
      "o3",
      2.3366350000000002
    ],
    [
      "no2",
      1.19802
    ],
    [
      "pm25",
      1
    ],
    [
      "so2",
      null
    ],
    [
      "co",
      null
    ],
    [
      "h2s",
      null
    ]
  ]
}