{
  "timestamp": "2026-03-18T02:00:00.000Z",
  "pollutants_readings": {
    "no2": 0.004,
    "so2": 0,
    "pm25": 1.9,
    "o3": 0.035,
    "co": 0.08,
    "h2s": 0
  },
  "aqis_ranked": [
    [
      "o3",
      2.7326750000000004
    ],
    [
      "no2",
      1.19802
    ],
    [
      "co",
      1.0148152
    ],
    [
      "so2",
      1
    ],
    [
      "pm25",
      1
    ],
    [
      "h2s",
      1
    ]
  ]
}