{
  "timestamp": "2026-03-18T01:00:00.000Z",
  "pollutants_readings": {
    "no2": 0.024,
    "so2": 0.002,
    "pm25": 3.5,
    "o3": 0.018,
    "co": 0.2,
    "h2s": 0.001
  },
  "aqis_ranked": [
    [
      "no2",
      2.18812
    ],
    [
      "o3",
      1.89109
    ],
    [
      "h2s",
      1.2381
    ],
    [
      "so2",
      1.049752
    ],
    [
      "co",
      1.037038
    ],
    [
      "pm25",
      1
    ]
  ]
}