{
  "timestamp": "2026-03-18T03:00:00.000Z",
  "pollutants_readings": {
    "no2": 0.023,
    "so2": null,
    "pm25": 3.9,
    "o3": 0.018,
    "co": 0.25,
    "h2s": null
  },
  "aqis_ranked": [
    [
      "no2",
      2.1386149999999997
    ],
    [
      "o3",
      1.89109
    ],
    [
      "co",
      1.0462975
    ],
    [
      "pm25",
      1
    ],
    [
      "so2",
      null
    ],
    [
      "h2s",
      null
    ]
  ]
}