{
  "timestamp": "2026-03-18T03:00:00.000Z",
  "pollutants_readings": {
    "no2": 0.01,
    "so2": null,
    "pm25": 2.4,
    "o3": 0.017,
    "co": null,
    "h2s": null
  },
  "aqis_ranked": [
    [
      "o3",
      1.8415850000000002
    ],
    [
      "no2",
      1.49505
    ],
    [
      "pm25",
      1
    ],
    [
      "so2",
      null
    ],
    [
      "co",
      null
    ],
    [
      "h2s",
      null
    ]
  ]
}