{
  "timestamp": "2026-03-18T04:00:00.000Z",
  "pollutants_readings": {
    "no2": 0.012,
    "so2": 0,
    "pm25": 5.3,
    "o3": 0.019,
    "co": 0.16,
    "h2s": 0.001
  },
  "aqis_ranked": [
    [
      "o3",
      1.940595
    ],
    [
      "no2",
      1.59406
    ],
    [
      "h2s",
      1.2381
    ],
    [
      "co",
      1.0296304
    ],
    [
      "so2",
      1
    ],
    [
      "pm25",
      1
    ]
  ]
}