{
  "timestamp": "2026-03-18T19:00:00.000Z",
  "pollutants_readings": {
    "no2": 0.0015,
    "so2": 0,
    "pm25": 1.7,
    "o3": 0.0367,
    "co": 0.3,
    "h2s": 0.0003
  },
  "aqis_ranked": [
    [
      "o3",
      2.8168335000000004
    ],
    [
      "no2",
      1.0742575
    ],
    [
      "h2s",
      1.0714299999999999
    ],
    [
      "co",
      1.055557
    ],
    [
      "so2",
      1
    ],
    [
      "pm25",
      1
    ]
  ]
}