{
  "timestamp": "2026-03-17T20:00:00.000Z",
  "pollutants_readings": {
    "no2": 0.009,
    "so2": null,
    "pm25": 1.5,
    "o3": 0.035,
    "co": 0.19,
    "h2s": null
  },
  "aqis_ranked": [
    [
      "o3",
      2.7326750000000004
    ],
    [
      "no2",
      1.445545
    ],
    [
      "co",
      1.0351861
    ],
    [
      "pm25",
      1
    ],
    [
      "so2",
      null
    ],
    [
      "h2s",
      null
    ]
  ]
}