{
  "timestamp": "2026-03-17T23:00:00.000Z",
  "pollutants_readings": {
    "no2": 0.002,
    "so2": 0,
    "pm25": 3.1,
    "o3": 0.041,
    "co": null,
    "h2s": null
  },
  "aqis_ranked": [
    [
      "o3",
      3.0297050000000003
    ],
    [
      "no2",
      1.09901
    ],
    [
      "so2",
      1
    ],
    [
      "pm25",
      1
    ],
    [
      "co",
      null
    ],
    [
      "h2s",
      null
    ]
  ]
}