{
  "timestamp": "2026-03-17T21:00:00.000Z",
  "pollutants_readings": {
    "no2": 0.006,
    "so2": 0.005,
    "pm25": 2.1,
    "o3": 0.038,
    "co": null,
    "h2s": 0
  },
  "aqis_ranked": [
    [
      "o3",
      2.88119
    ],
    [
      "no2",
      1.29703
    ],
    [
      "so2",
      1.12438
    ],
    [
      "pm25",
      1
    ],
    [
      "h2s",
      1
    ],
    [
      "co",
      null
    ]
  ]
}