{
  "timestamp": "2026-03-17T20:00:00.000Z",
  "pollutants_readings": {
    "no2": 0.003,
    "so2": 0,
    "pm25": 4,
    "o3": 0.044,
    "co": 0.09,
    "h2s": 0
  },
  "aqis_ranked": [
    [
      "o3",
      3.17822
    ],
    [
      "no2",
      1.148515
    ],
    [
      "co",
      1.0166671
    ],
    [
      "so2",
      1
    ],
    [
      "pm25",
      1
    ],
    [
      "h2s",
      1
    ]
  ]
}