{
  "timestamp": "2026-03-18T15:00:00.000Z",
  "pollutants_readings": {
    "no2": 0.008,
    "so2": 0,
    "pm25": 5.7,
    "o3": 0.012,
    "co": null,
    "h2s": 0.003
  },
  "aqis_ranked": [
    [
      "h2s",
      1.7143000000000002
    ],
    [
      "o3",
      1.59406
    ],
    [
      "no2",
      1.39604
    ],
    [
      "so2",
      1
    ],
    [
      "pm25",
      1
    ],
    [
      "co",
      null
    ]
  ]
}