{
  "timestamp": "2026-03-17T23:00:00.000Z",
  "pollutants_readings": {
    "no2": 0.016,
    "so2": 0,
    "pm25": 2.5,
    "o3": 0.027,
    "co": 0.1,
    "h2s": 0.001
  },
  "aqis_ranked": [
    [
      "o3",
      2.3366350000000002
    ],
    [
      "no2",
      1.79208
    ],
    [
      "h2s",
      1.2381
    ],
    [
      "co",
      1.018519
    ],
    [
      "so2",
      1
    ],
    [
      "pm25",
      1
    ]
  ]
}