{
  "timestamp": "2026-03-18T14:00:00.000Z",
  "pollutants_readings": {
    "no2": 0.02,
    "so2": 0,
    "pm25": 3.9,
    "o3": 0.016,
    "co": 0.3,
    "h2s": null
  },
  "aqis_ranked": [
    [
      "no2",
      1.9901
    ],
    [
      "o3",
      1.79208
    ],
    [
      "co",
      1.055557
    ],
    [
      "so2",
      1
    ],
    [
      "pm25",
      1
    ],
    [
      "h2s",
      null
    ]
  ]
}