{
  "timestamp": "2026-03-18T16:00:00.000Z",
  "pollutants_readings": {
    "no2": 0.002,
    "so2": 0,
    "pm25": null,
    "o3": 0.027,
    "co": null,
    "h2s": 0.003
  },
  "aqis_ranked": [
    [
      "o3",
      2.3366350000000002
    ],
    [
      "h2s",
      1.7143000000000002
    ],
    [
      "no2",
      1.09901
    ],
    [
      "so2",
      1
    ],
    [
      "co",
      null
    ],
    [
      "pm25",
      null
    ]
  ]
}