{
  "timestamp": "2026-03-17T23:00:00.000Z",
  "pollutants_readings": {
    "no2": 0.006,
    "so2": 0.004,
    "pm25": 1.4,
    "o3": 0.041,
    "co": null,
    "h2s": 0
  },
  "aqis_ranked": [
    [
      "o3",
      3.0297050000000003
    ],
    [
      "no2",
      1.29703
    ],
    [
      "so2",
      1.099504
    ],
    [
      "pm25",
      1
    ],
    [
      "h2s",
      1
    ],
    [
      "co",
      null
    ]
  ]
}