{
  "timestamp": "2026-03-18T02:00:00.000Z",
  "pollutants_readings": {
    "no2": 0.005,
    "so2": 0,
    "pm25": 3,
    "o3": 0.035,
    "co": 0.2,
    "h2s": null
  },
  "aqis_ranked": [
    [
      "o3",
      2.7326750000000004
    ],
    [
      "no2",
      1.247525
    ],
    [
      "co",
      1.037038
    ],
    [
      "so2",
      1
    ],
    [
      "pm25",
      1
    ],
    [
      "h2s",
      null
    ]
  ]
}