{
  "timestamp": "2026-03-18T15:00:00.000Z",
  "pollutants_readings": {
    "no2": 0.014,
    "so2": 0,
    "pm25": 2.7,
    "o3": 0.002,
    "co": null,
    "h2s": 0
  },
  "aqis_ranked": [
    [
      "no2",
      1.69307
    ],
    [
      "o3",
      1.09901
    ],
    [
      "so2",
      1
    ],
    [
      "pm25",
      1
    ],
    [
      "h2s",
      1
    ],
    [
      "co",
      null
    ]
  ]
}