{
  "timestamp": "2026-03-17T22:00:00.000Z",
  "pollutants_readings": {
    "no2": 0.005,
    "so2": 0,
    "pm25": 3.1,
    "o3": 0.038,
    "co": 0.09,
    "h2s": 0
  },
  "aqis_ranked": [
    [
      "o3",
      2.88119
    ],
    [
      "no2",
      1.247525
    ],
    [
      "co",
      1.0166671
    ],
    [
      "so2",
      1
    ],
    [
      "pm25",
      1
    ],
    [
      "h2s",
      1
    ]
  ]
}