{
  "timestamp": "2026-03-17T22:00:00.000Z",
  "pollutants_readings": {
    "no2": 0.005,
    "so2": 0,
    "pm25": 1.4,
    "o3": 0.029,
    "co": null,
    "h2s": 0.002
  },
  "aqis_ranked": [
    [
      "o3",
      2.435645
    ],
    [
      "h2s",
      1.4762
    ],
    [
      "no2",
      1.247525
    ],
    [
      "so2",
      1
    ],
    [
      "pm25",
      1
    ],
    [
      "co",
      null
    ]
  ]
}