{
  "timestamp": "2026-03-18T02:00:00.000Z",
  "pollutants_readings": {
    "no2": 0.033,
    "so2": 0.004,
    "pm25": 5.8,
    "o3": 0.009,
    "co": null,
    "h2s": null
  },
  "aqis_ranked": [
    [
      "no2",
      2.633665
    ],
    [
      "o3",
      1.445545
    ],
    [
      "so2",
      1.099504
    ],
    [
      "pm25",
      1
    ],
    [
      "co",
      null
    ],
    [
      "h2s",
      null
    ]
  ]
}