{
  "timestamp": "2026-03-18T14:00:00.000Z",
  "pollutants_readings": {
    "no2": 0.006,
    "so2": 0,
    "pm25": 3.2,
    "o3": 0.029,
    "co": 0.08,
    "h2s": 0
  },
  "aqis_ranked": [
    [
      "o3",
      2.435645
    ],
    [
      "no2",
      1.29703
    ],
    [
      "co",
      1.0148152
    ],
    [
      "so2",
      1
    ],
    [
      "pm25",
      1
    ],
    [
      "h2s",
      1
    ]
  ]
}