{
  "timestamp": "2026-03-18T04:00:00.000Z",
  "pollutants_readings": {
    "no2": 0.01,
    "so2": 0.001,
    "pm25": 4.8,
    "o3": 0.025,
    "co": null,
    "h2s": null
  },
  "aqis_ranked": [
    [
      "o3",
      2.2376250000000004
    ],
    [
      "no2",
      1.49505
    ],
    [
      "so2",
      1.024876
    ],
    [
      "pm25",
      1
    ],
    [
      "co",
      null
    ],
    [
      "h2s",
      null
    ]
  ]
}