{
  "timestamp": "2026-03-18T04:00:00.000Z",
  "pollutants_readings": {
    "no2": 0.034,
    "so2": 0,
    "pm25": 18.8,
    "o3": 0.007,
    "co": null,
    "h2s": null
  },
  "aqis_ranked": [
    [
      "no2",
      2.6831700000000005
    ],
    [
      "pm25",
      2
    ],
    [
      "o3",
      1.346535
    ],
    [
      "so2",
      1
    ],
    [
      "co",
      null
    ],
    [
      "h2s",
      null
    ]
  ]
}