{
  "timestamp": "2026-03-18T05:00:00.000Z",
  "pollutants_readings": {
    "no2": 0.015,
    "so2": 0,
    "pm25": 12,
    "o3": 0.015,
    "co": 0.2,
    "h2s": 0.001
  },
  "aqis_ranked": [
    [
      "pm25",
      2
    ],
    [
      "no2",
      1.742575
    ],
    [
      "o3",
      1.742575
    ],
    [
      "h2s",
      1.2381
    ],
    [
      "co",
      1.037038
    ],
    [
      "so2",
      1
    ]
  ]
}