{
  "timestamp": "2026-03-18T16:00:00.000Z",
  "pollutants_readings": {
    "no2": 0.012,
    "so2": 0,
    "pm25": 3.7,
    "o3": 0.001,
    "co": null,
    "h2s": 0
  },
  "aqis_ranked": [
    [
      "no2",
      1.59406
    ],
    [
      "o3",
      1.049505
    ],
    [
      "so2",
      1
    ],
    [
      "pm25",
      1
    ],
    [
      "h2s",
      1
    ],
    [
      "co",
      null
    ]
  ]
}