{
  "timestamp": "2026-03-18T18:00:00.000Z",
  "pollutants_readings": {
    "no2": 0.009,
    "so2": 0.001,
    "pm25": 2.8,
    "o3": 0.029,
    "co": null,
    "h2s": null
  },
  "aqis_ranked": [
    [
      "o3",
      2.435645
    ],
    [
      "no2",
      1.445545
    ],
    [
      "so2",
      1.024876
    ],
    [
      "pm25",
      1
    ],
    [
      "co",
      null
    ],
    [
      "h2s",
      null
    ]
  ]
}