{
  "timestamp": "2026-03-18T16:00:00.000Z",
  "pollutants_readings": {
    "no2": 0.003,
    "so2": 0,
    "pm25": 0.981,
    "o3": 0.028,
    "co": null,
    "h2s": null
  },
  "aqis_ranked": [
    [
      "o3",
      2.38614
    ],
    [
      "no2",
      1.148515
    ],
    [
      "so2",
      1
    ],
    [
      "pm25",
      1
    ],
    [
      "co",
      null
    ],
    [
      "h2s",
      null
    ]
  ]
}