{
  "timestamp": "2026-03-17T19:00:00.000Z",
  "pollutants_readings": {
    "no2": 0.014,
    "so2": 0.001,
    "pm25": null,
    "o3": null,
    "co": null,
    "h2s": 0.0002
  },
  "aqis_ranked": [
    [
      "no2",
      1.69307
    ],
    [
      "h2s",
      1.04762
    ],
    [
      "so2",
      1.024876
    ],
    [
      "co",
      null
    ],
    [
      "o3",
      null
    ],
    [
      "pm25",
      null
    ]
  ]
}