{
  "timestamp": "2026-03-18T16:00:00.000Z",
  "pollutants_readings": {
    "no2": 0.0008,
    "so2": null,
    "pm25": 1.7,
    "o3": 0.0316,
    "co": null,
    "h2s": null
  },
  "aqis_ranked": [
    [
      "o3",
      2.5643580000000004
    ],
    [
      "no2",
      1.039604
    ],
    [
      "pm25",
      1
    ],
    [
      "so2",
      null
    ],
    [
      "co",
      null
    ],
    [
      "h2s",
      null
    ]
  ]
}