{
  "timestamp": "2026-03-18T16:00:00.000Z",
  "pollutants_readings": {
    "no2": 0.0026,
    "so2": 0,
    "pm25": 0.6,
    "o3": 0.0374,
    "co": 0.3,
    "h2s": 0.0003
  },
  "aqis_ranked": [
    [
      "o3",
      2.8514870000000005
    ],
    [
      "no2",
      1.128713
    ],
    [
      "h2s",
      1.0714299999999999
    ],
    [
      "co",
      1.055557
    ],
    [
      "so2",
      1
    ],
    [
      "pm25",
      1
    ]
  ]
}