{
  "timestamp": "2026-03-18T16:00:00.000Z",
  "pollutants_readings": {
    "no2": 0.016,
    "so2": 0.0002,
    "pm25": 3.4,
    "o3": 0.0179,
    "co": null,
    "h2s": 0.0004
  },
  "aqis_ranked": [
    [
      "o3",
      1.8861395
    ],
    [
      "no2",
      1.79208
    ],
    [
      "h2s",
      1.09524
    ],
    [
      "so2",
      1.0049752
    ],
    [
      "pm25",
      1
    ],
    [
      "co",
      null
    ]
  ]
}