{
  "timestamp": "2026-03-18T00:00:00.000Z",
  "pollutants_readings": {
    "no2": 0.005,
    "so2": null,
    "pm25": 1.6,
    "o3": 0.037,
    "co": 0.15,
    "h2s": null
  },
  "aqis_ranked": [
    [
      "o3",
      2.8316850000000002
    ],
    [
      "no2",
      1.247525
    ],
    [
      "co",
      1.0277785
    ],
    [
      "pm25",
      1
    ],
    [
      "so2",
      null
    ],
    [
      "h2s",
      null
    ]
  ]
}