{
  "timestamp": "2026-03-18T15:00:00.000Z",
  "pollutants_readings": {
    "no2": 0.0165,
    "so2": 0,
    "pm25": 3.9,
    "o3": 0.0159,
    "co": null,
    "h2s": 0.0004
  },
  "aqis_ranked": [
    [
      "no2",
      1.8168325
    ],
    [
      "o3",
      1.7871295
    ],
    [
      "h2s",
      1.09524
    ],
    [
      "so2",
      1
    ],
    [
      "pm25",
      1
    ],
    [
      "co",
      null
    ]
  ]
}