{
  "timestamp": "2026-03-18T02:00:00.000Z",
  "pollutants_readings": {
    "no2": 0.0178,
    "so2": null,
    "pm25": 5.1,
    "o3": 0.0216,
    "co": null,
    "h2s": null
  },
  "aqis_ranked": [
    [
      "o3",
      2.0693080000000004
    ],
    [
      "no2",
      1.881189
    ],
    [
      "pm25",
      1
    ],
    [
      "so2",
      null
    ],
    [
      "co",
      null
    ],
    [
      "h2s",
      null
    ]
  ]
}