{
  "timestamp": "2026-03-18T05:00:00.000Z",
  "pollutants_readings": {
    "no2": 0.006,
    "so2": 0.001,
    "pm25": 2,
    "o3": 0.031,
    "co": null,
    "h2s": 0
  },
  "aqis_ranked": [
    [
      "o3",
      2.534655
    ],
    [
      "no2",
      1.29703
    ],
    [
      "so2",
      1.024876
    ],
    [
      "pm25",
      1
    ],
    [
      "h2s",
      1
    ],
    [
      "co",
      null
    ]
  ]
}