{
  "timestamp": "2026-03-17T20:00:00.000Z",
  "pollutants_readings": {
    "no2": 0.0043,
    "so2": 0.0004,
    "pm25": 1.9,
    "o3": 0.0358,
    "co": null,
    "h2s": 0
  },
  "aqis_ranked": [
    [
      "o3",
      2.772279
    ],
    [
      "no2",
      1.2128715
    ],
    [
      "so2",
      1.0099504
    ],
    [
      "pm25",
      1
    ],
    [
      "h2s",
      1
    ],
    [
      "co",
      null
    ]
  ]
}