{
  "timestamp": "2026-03-18T00:00:00.000Z",
  "pollutants_readings": {
    "no2": 0.002,
    "so2": 0.008,
    "pm25": 2.8,
    "o3": 0.034,
    "co": null,
    "h2s": null
  },
  "aqis_ranked": [
    [
      "o3",
      2.6831700000000005
    ],
    [
      "so2",
      1.199008
    ],
    [
      "no2",
      1.09901
    ],
    [
      "pm25",
      1
    ],
    [
      "co",
      null
    ],
    [
      "h2s",
      null
    ]
  ]
}