{
  "timestamp": "2026-03-18T02:00:00.000Z",
  "pollutants_readings": {
    "no2": 0.003,
    "so2": 0.002,
    "pm25": 0.4,
    "o3": 0.042,
    "co": null,
    "h2s": null
  },
  "aqis_ranked": [
    [
      "o3",
      3.0792100000000002
    ],
    [
      "no2",
      1.148515
    ],
    [
      "so2",
      1.049752
    ],
    [
      "pm25",
      1
    ],
    [
      "co",
      null
    ],
    [
      "h2s",
      null
    ]
  ]
}