{
  "timestamp": "2026-03-18T03:00:00.000Z",
  "pollutants_readings": {
    "no2": 0.0038,
    "so2": null,
    "pm25": 2.3,
    "o3": 0.0362,
    "co": null,
    "h2s": null
  },
  "aqis_ranked": [
    [
      "o3",
      2.7920810000000005
    ],
    [
      "no2",
      1.188119
    ],
    [
      "pm25",
      1
    ],
    [
      "so2",
      null
    ],
    [
      "co",
      null
    ],
    [
      "h2s",
      null
    ]
  ]
}