{
  "timestamp": "2026-03-17T23:00:00.000Z",
  "pollutants_readings": {
    "no2": 0.003,
    "so2": 0,
    "pm25": 2.5,
    "o3": 0.039,
    "co": 0.08,
    "h2s": 0
  },
  "aqis_ranked": [
    [
      "o3",
      2.930695
    ],
    [
      "no2",
      1.148515
    ],
    [
      "co",
      1.0148152
    ],
    [
      "so2",
      1
    ],
    [
      "pm25",
      1
    ],
    [
      "h2s",
      1
    ]
  ]
}