{
  "timestamp": "2026-03-18T16:00:00.000Z",
  "pollutants_readings": {
    "no2": 0.009,
    "so2": 0,
    "pm25": 4.9,
    "o3": 0.003,
    "co": null,
    "h2s": 0
  },
  "aqis_ranked": [
    [
      "no2",
      1.445545
    ],
    [
      "o3",
      1.148515
    ],
    [
      "so2",
      1
    ],
    [
      "pm25",
      1
    ],
    [
      "h2s",
      1
    ],
    [
      "co",
      null
    ]
  ]
}