{
  "timestamp": "2026-03-18T04:00:00.000Z",
  "pollutants_readings": {
    "no2": 0.037,
    "so2": 0.001,
    "pm25": 5.1,
    "o3": 0.007,
    "co": null,
    "h2s": null
  },
  "aqis_ranked": [
    [
      "no2",
      2.8316850000000002
    ],
    [
      "o3",
      1.346535
    ],
    [
      "so2",
      1.024876
    ],
    [
      "pm25",
      1
    ],
    [
      "co",
      null
    ],
    [
      "h2s",
      null
    ]
  ]
}