{
  "timestamp": "2026-03-18T15:00:00.000Z",
  "pollutants_readings": {
    "no2": 0.019,
    "so2": 0.002,
    "pm25": 4.3,
    "o3": 0.012,
    "co": 0.21,
    "h2s": 0.002
  },
  "aqis_ranked": [
    [
      "no2",
      1.940595
    ],
    [
      "o3",
      1.59406
    ],
    [
      "h2s",
      1.4762
    ],
    [
      "so2",
      1.049752
    ],
    [
      "co",
      1.0388899
    ],
    [
      "pm25",
      1
    ]
  ]
}