{
  "timestamp": "2026-03-18T03:00:00.000Z",
  "pollutants_readings": {
    "no2": 0.017,
    "so2": 0.003,
    "pm25": null,
    "o3": null,
    "co": null,
    "h2s": null
  },
  "aqis_ranked": [
    [
      "no2",
      1.8415850000000002
    ],
    [
      "so2",
      1.074628
    ],
    [
      "co",
      null
    ],
    [
      "o3",
      null
    ],
    [
      "pm25",
      null
    ],
    [
      "h2s",
      null
    ]
  ]
}