{
  "timestamp": "2026-03-18T02:00:00.000Z",
  "pollutants_readings": {
    "no2": 0.039,
    "so2": 0.001,
    "pm25": 5.6,
    "o3": 0.008,
    "co": null,
    "h2s": null
  },
  "aqis_ranked": [
    [
      "no2",
      2.930695
    ],
    [
      "o3",
      1.39604
    ],
    [
      "so2",
      1.024876
    ],
    [
      "pm25",
      1
    ],
    [
      "co",
      null
    ],
    [
      "h2s",
      null
    ]
  ]
}