{
  "timestamp": "2026-03-18T01:00:00.000Z",
  "pollutants_readings": {
    "no2": 0.005,
    "so2": 0.004,
    "pm25": 1.3,
    "o3": 0.028,
    "co": null,
    "h2s": 0.001
  },
  "aqis_ranked": [
    [
      "o3",
      2.38614
    ],
    [
      "no2",
      1.247525
    ],
    [
      "h2s",
      1.2381
    ],
    [
      "so2",
      1.099504
    ],
    [
      "pm25",
      1
    ],
    [
      "co",
      null
    ]
  ]
}