{
  "timestamp": "2026-03-18T00:00:00.000Z",
  "pollutants_readings": {
    "no2": null,
    "so2": 0.001,
    "pm25": 3.8,
    "o3": 0.036,
    "co": 0.15,
    "h2s": 0
  },
  "aqis_ranked": [
    [
      "o3",
      2.78218
    ],
    [
      "co",
      1.0277785
    ],
    [
      "so2",
      1.024876
    ],
    [
      "pm25",
      1
    ],
    [
      "h2s",
      1
    ],
    [
      "no2",
      null
    ]
  ]
}