{
  "timestamp": "2026-03-18T14:00:00.000Z",
  "pollutants_readings": {
    "no2": 0.012,
    "so2": 0,
    "pm25": 6.2,
    "o3": 0.02,
    "co": 0.14,
    "h2s": null
  },
  "aqis_ranked": [
    [
      "o3",
      1.9901
    ],
    [
      "no2",
      1.59406
    ],
    [
      "co",
      1.0259266
    ],
    [
      "so2",
      1
    ],
    [
      "pm25",
      1
    ],
    [
      "h2s",
      null
    ]
  ]
}