{
  "timestamp": "2026-03-18T05:00:00.000Z",
  "pollutants_readings": {
    "no2": 0.013,
    "so2": 0,
    "pm25": 9.2,
    "o3": 0.022,
    "co": null,
    "h2s": null
  },
  "aqis_ranked": [
    [
      "o3",
      2.08911
    ],
    [
      "no2",
      1.6435650000000002
    ],
    [
      "so2",
      1
    ],
    [
      "pm25",
      1
    ],
    [
      "co",
      null
    ],
    [
      "h2s",
      null
    ]
  ]
}