{
  "timestamp": "2026-03-18T03:00:00.000Z",
  "pollutants_readings": {
    "no2": null,
    "so2": 0.001,
    "pm25": 4.3,
    "o3": 0.016,
    "co": 0.29,
    "h2s": 0
  },
  "aqis_ranked": [
    [
      "o3",
      1.79208
    ],
    [
      "co",
      1.0537051
    ],
    [
      "so2",
      1.024876
    ],
    [
      "pm25",
      1
    ],
    [
      "h2s",
      1
    ],
    [
      "no2",
      null
    ]
  ]
}