{
  "timestamp": "2026-03-18T16:00:00.000Z",
  "pollutants_readings": {
    "no2": 0.044,
    "so2": 0.001,
    "pm25": 12.7,
    "o3": 0.002,
    "co": null,
    "h2s": 0.002
  },
  "aqis_ranked": [
    [
      "no2",
      3.17822
    ],
    [
      "pm25",
      2
    ],
    [
      "h2s",
      1.4762
    ],
    [
      "o3",
      1.09901
    ],
    [
      "so2",
      1.024876
    ],
    [
      "co",
      null
    ]
  ]
}