{
  "timestamp": "2026-03-17T22:00:00.000Z",
  "pollutants_readings": {
    "no2": 0.005,
    "so2": 0.003,
    "pm25": 3.8,
    "o3": null,
    "co": null,
    "h2s": 0
  },
  "aqis_ranked": [
    [
      "no2",
      1.247525
    ],
    [
      "so2",
      1.074628
    ],
    [
      "pm25",
      1
    ],
    [
      "h2s",
      1
    ],
    [
      "co",
      null
    ],
    [
      "o3",
      null
    ]
  ]
}