{
  "timestamp": "2026-03-18T17:00:00.000Z",
  "pollutants_readings": {
    "no2": 0.008,
    "so2": 0,
    "pm25": 4.1,
    "o3": 0.033,
    "co": 0.3,
    "h2s": null
  },
  "aqis_ranked": [
    [
      "o3",
      2.633665
    ],
    [
      "no2",
      1.39604
    ],
    [
      "co",
      1.055557
    ],
    [
      "so2",
      1
    ],
    [
      "pm25",
      1
    ],
    [
      "h2s",
      null
    ]
  ]
}