{
  "timestamp": "2026-03-18T04:00:00.000Z",
  "pollutants_readings": {
    "no2": null,
    "so2": 0.002,
    "pm25": 4.8,
    "o3": 0.017,
    "co": 0.18,
    "h2s": 0
  },
  "aqis_ranked": [
    [
      "o3",
      1.8415850000000002
    ],
    [
      "so2",
      1.049752
    ],
    [
      "co",
      1.0333342
    ],
    [
      "pm25",
      1
    ],
    [
      "h2s",
      1
    ],
    [
      "no2",
      null
    ]
  ]
}