{
  "timestamp": "2026-03-18T05:00:00.000Z",
  "pollutants_readings": {
    "no2": 0.026,
    "so2": null,
    "pm25": 8.4,
    "o3": 0.01,
    "co": 0.34,
    "h2s": null
  },
  "aqis_ranked": [
    [
      "no2",
      2.2871300000000003
    ],
    [
      "o3",
      1.49505
    ],
    [
      "co",
      1.0629646
    ],
    [
      "pm25",
      1
    ],
    [
      "so2",
      null
    ],
    [
      "h2s",
      null
    ]
  ]
}