{
  "timestamp": "2026-03-18T19:00:00.000Z",
  "pollutants_readings": {
    "no2": 0.002,
    "so2": 0.001,
    "pm25": 1.127,
    "o3": 0.035,
    "co": null,
    "h2s": null
  },
  "aqis_ranked": [
    [
      "o3",
      2.7326750000000004
    ],
    [
      "no2",
      1.09901
    ],
    [
      "so2",
      1.024876
    ],
    [
      "pm25",
      1
    ],
    [
      "co",
      null
    ],
    [
      "h2s",
      null
    ]
  ]
}