{
  "timestamp": "2026-03-18T04:00:00.000Z",
  "pollutants_readings": {
    "no2": 0.003,
    "so2": 0,
    "pm25": 2,
    "o3": 0.035,
    "co": 0.282,
    "h2s": null
  },
  "aqis_ranked": [
    [
      "o3",
      2.7326750000000004
    ],
    [
      "no2",
      1.148515
    ],
    [
      "co",
      1.05222358
    ],
    [
      "so2",
      1
    ],
    [
      "pm25",
      1
    ],
    [
      "h2s",
      null
    ]
  ]
}