{
  "timestamp": "2026-03-18T02:00:00.000Z",
  "pollutants_readings": {
    "no2": 0.017,
    "so2": 0.001,
    "pm25": 3,
    "o3": 0.024,
    "co": 0.1,
    "h2s": 0.001
  },
  "aqis_ranked": [
    [
      "o3",
      2.18812
    ],
    [
      "no2",
      1.8415850000000002
    ],
    [
      "h2s",
      1.2381
    ],
    [
      "so2",
      1.024876
    ],
    [
      "co",
      1.018519
    ],
    [
      "pm25",
      1
    ]
  ]
}