{
  "timestamp": "2026-03-18T15:00:00.000Z",
  "pollutants_readings": {
    "no2": 0.019,
    "so2": 0,
    "pm25": 6.8,
    "o3": 0.013,
    "co": 0.2,
    "h2s": null
  },
  "aqis_ranked": [
    [
      "no2",
      1.940595
    ],
    [
      "o3",
      1.6435650000000002
    ],
    [
      "co",
      1.037038
    ],
    [
      "so2",
      1
    ],
    [
      "pm25",
      1
    ],
    [
      "h2s",
      null
    ]
  ]
}