{
  "timestamp": "2026-03-18T15:00:00.000Z",
  "pollutants_readings": {
    "no2": 0.018,
    "so2": null,
    "pm25": 3.6,
    "o3": 0.016,
    "co": 0.3,
    "h2s": null
  },
  "aqis_ranked": [
    [
      "no2",
      1.89109
    ],
    [
      "o3",
      1.79208
    ],
    [
      "co",
      1.055557
    ],
    [
      "pm25",
      1
    ],
    [
      "so2",
      null
    ],
    [
      "h2s",
      null
    ]
  ]
}