{
  "timestamp": "2026-03-18T05:00:00.000Z",
  "pollutants_readings": {
    "no2": 0.02,
    "so2": 0,
    "pm25": 4.2,
    "o3": 0.018,
    "co": 0.1,
    "h2s": 0.001
  },
  "aqis_ranked": [
    [
      "no2",
      1.9901
    ],
    [
      "o3",
      1.89109
    ],
    [
      "h2s",
      1.2381
    ],
    [
      "co",
      1.018519
    ],
    [
      "so2",
      1
    ],
    [
      "pm25",
      1
    ]
  ]
}