{
  "timestamp": "2026-03-17T23:00:00.000Z",
  "pollutants_readings": {
    "no2": 0.008,
    "so2": 0,
    "pm25": 3.8,
    "o3": 0.037,
    "co": null,
    "h2s": null
  },
  "aqis_ranked": [
    [
      "o3",
      2.8316850000000002
    ],
    [
      "no2",
      1.39604
    ],
    [
      "so2",
      1
    ],
    [
      "pm25",
      1
    ],
    [
      "co",
      null
    ],
    [
      "h2s",
      null
    ]
  ]
}