{
  "timestamp": "2026-03-17T23:00:00.000Z",
  "pollutants_readings": {
    "no2": 0.001,
    "so2": 0,
    "pm25": 4.8,
    "o3": 0.034,
    "co": 0.06,
    "h2s": null
  },
  "aqis_ranked": [
    [
      "o3",
      2.6831700000000005
    ],
    [
      "no2",
      1.049505
    ],
    [
      "co",
      1.0111114
    ],
    [
      "so2",
      1
    ],
    [
      "pm25",
      1
    ],
    [
      "h2s",
      null
    ]
  ]
}