{
  "timestamp": "2026-03-18T03:00:00.000Z",
  "pollutants_readings": {
    "no2": 0.034,
    "so2": 0.002,
    "pm25": 8.3,
    "o3": 0.006,
    "co": null,
    "h2s": null
  },
  "aqis_ranked": [
    [
      "no2",
      2.6831700000000005
    ],
    [
      "o3",
      1.29703
    ],
    [
      "so2",
      1.049752
    ],
    [
      "pm25",
      1
    ],
    [
      "co",
      null
    ],
    [
      "h2s",
      null
    ]
  ]
}