{
  "timestamp": "2026-03-18T00:00:00.000Z",
  "pollutants_readings": {
    "no2": 0.003,
    "so2": 0.001,
    "pm25": 1.271,
    "o3": 0.039,
    "co": null,
    "h2s": 0
  },
  "aqis_ranked": [
    [
      "o3",
      2.930695
    ],
    [
      "no2",
      1.148515
    ],
    [
      "so2",
      1.024876
    ],
    [
      "pm25",
      1
    ],
    [
      "h2s",
      1
    ],
    [
      "co",
      null
    ]
  ]
}