{
  "timestamp": "2026-03-18T18:00:00.000Z",
  "pollutants_readings": {
    "no2": 0.006,
    "so2": 0.001,
    "pm25": 2.7,
    "o3": 0.027,
    "co": null,
    "h2s": null
  },
  "aqis_ranked": [
    [
      "o3",
      2.3366350000000002
    ],
    [
      "no2",
      1.29703
    ],
    [
      "so2",
      1.024876
    ],
    [
      "pm25",
      1
    ],
    [
      "co",
      null
    ],
    [
      "h2s",
      null
    ]
  ]
}