{
  "timestamp": "2026-03-18T05:00:00.000Z",
  "pollutants_readings": {
    "no2": 0.001,
    "so2": 0.001,
    "pm25": 4.7,
    "o3": 0.032,
    "co": null,
    "h2s": null
  },
  "aqis_ranked": [
    [
      "o3",
      2.58416
    ],
    [
      "no2",
      1.049505
    ],
    [
      "so2",
      1.024876
    ],
    [
      "pm25",
      1
    ],
    [
      "co",
      null
    ],
    [
      "h2s",
      null
    ]
  ]
}