{
  "timestamp": "2026-03-18T03:00:00.000Z",
  "pollutants_readings": {
    "no2": 0.006,
    "so2": 0,
    "pm25": 3,
    "o3": 0.033,
    "co": 0.2,
    "h2s": null
  },
  "aqis_ranked": [
    [
      "o3",
      2.633665
    ],
    [
      "no2",
      1.29703
    ],
    [
      "co",
      1.037038
    ],
    [
      "so2",
      1
    ],
    [
      "pm25",
      1
    ],
    [
      "h2s",
      null
    ]
  ]
}