{
  "timestamp": "2026-03-18T02:00:00.000Z",
  "pollutants_readings": {
    "no2": 0.012,
    "so2": null,
    "pm25": 2,
    "o3": 0.03,
    "co": 0.15,
    "h2s": null
  },
  "aqis_ranked": [
    [
      "o3",
      2.48515
    ],
    [
      "no2",
      1.59406
    ],
    [
      "co",
      1.0277785
    ],
    [
      "pm25",
      1
    ],
    [
      "so2",
      null
    ],
    [
      "h2s",
      null
    ]
  ]
}