{
  "timestamp": "2026-03-18T16:00:00.000Z",
  "pollutants_readings": {
    "no2": 0.015,
    "so2": 0.001,
    "pm25": 3.1,
    "o3": 0.017,
    "co": null,
    "h2s": null
  },
  "aqis_ranked": [
    [
      "o3",
      1.8415850000000002
    ],
    [
      "no2",
      1.742575
    ],
    [
      "so2",
      1.024876
    ],
    [
      "pm25",
      1
    ],
    [
      "co",
      null
    ],
    [
      "h2s",
      null
    ]
  ]
}