{
  "timestamp": "2026-03-18T15:00:00.000Z",
  "pollutants_readings": {
    "no2": 0.0071,
    "so2": 0,
    "pm25": 1.4,
    "o3": 0.0321,
    "co": 0.3,
    "h2s": 0.0004
  },
  "aqis_ranked": [
    [
      "o3",
      2.5891105
    ],
    [
      "no2",
      1.3514855000000001
    ],
    [
      "h2s",
      1.09524
    ],
    [
      "co",
      1.055557
    ],
    [
      "so2",
      1
    ],
    [
      "pm25",
      1
    ]
  ]
}