{
  "timestamp": "2026-03-17T23:00:00.000Z",
  "pollutants_readings": {
    "no2": 0.007,
    "so2": null,
    "pm25": 1.9,
    "o3": 0.035,
    "co": 0.16,
    "h2s": null
  },
  "aqis_ranked": [
    [
      "o3",
      2.7326750000000004
    ],
    [
      "no2",
      1.346535
    ],
    [
      "co",
      1.0296304
    ],
    [
      "pm25",
      1
    ],
    [
      "so2",
      null
    ],
    [
      "h2s",
      null
    ]
  ]
}