{
  "timestamp": "2026-03-18T18:00:00.000Z",
  "pollutants_readings": {
    "no2": 0.014,
    "so2": 0.002,
    "pm25": 3.757,
    "o3": 0.022,
    "co": null,
    "h2s": 0
  },
  "aqis_ranked": [
    [
      "o3",
      2.08911
    ],
    [
      "no2",
      1.69307
    ],
    [
      "so2",
      1.049752
    ],
    [
      "pm25",
      1
    ],
    [
      "h2s",
      1
    ],
    [
      "co",
      null
    ]
  ]
}