{
  "timestamp": "2026-03-18T04:00:00.000Z",
  "pollutants_readings": {
    "no2": 0.0055,
    "so2": 0,
    "pm25": 1.3,
    "o3": 0.0318,
    "co": null,
    "h2s": 0.0002
  },
  "aqis_ranked": [
    [
      "o3",
      2.574259
    ],
    [
      "no2",
      1.2722775
    ],
    [
      "h2s",
      1.04762
    ],
    [
      "so2",
      1
    ],
    [
      "pm25",
      1
    ],
    [
      "co",
      null
    ]
  ]
}